fda_approved,ct_tox
0.8791271448135376,0.14802411446968713
0.9401415387789408,0.06700925280650456
0.8241196076075236,0.17773943642775217
